,Accuracy,Precision,Recall (Sensitivity),Specificity,F1-Score,ROC-AUC
Support Vector Machine (SVM),0.6625,0.6349206349206349,0.9090909090909091,0.3611111111111111,0.7476635514018691,0.7152777777777777
Logistic Regression,0.675,0.6956521739130435,0.7272727272727273,0.6111111111111112,0.7111111111111111,0.7361111111111112
Random Forest,0.6625,0.673469387755102,0.75,0.5555555555555556,0.7096774193548387,0.76010101010101
Decision Tree,0.575,0.6,0.6818181818181818,0.4444444444444444,0.6382978723404256,0.5631313131313131
